LIBMIN,PMUN13,SURFACE,DENSITE
Aadorf,8473,19.9,425.1
Aarau,20185,12.3,1637.1
Aarberg,4273,7.9,540.2
Aarburg,7233,4.4,1636.4
Aarwangen,4253,9.9,430.9
Abtwil,957,4.2,231.2
Aclens,532,3.9,136.4
Acquarossa,1862,61.6,30.2
Adelboden,3472,88.2,39.4
Adligenswil,5399,7.0,772.4
Adlikon,577,6.6,87.6
Adliswil,18262,7.8,2350.3
Aedermannsdorf,549,12.9,42.6
Aefligen,1065,2.1,524.6
Aegerten,1816,2.2,836.9
Aesch(BL),10211,7.4,1381.7
Aesch(LU),1013,4.7,219.3
Aesch(ZH),1184,5.2,226.0
Aeschi(SO),1210,5.4,222.4
AeschibeiSpiez,2166,30.9,69.9
AeugstamAlbis,1972,7.9,249.3
Affeltrangen,2415,14.4,167.5
AffolternamAlbis,11363,10.6,1071.0
AffolternimEmmental,1153,11.5,100.2
Agarn,804,7.7,105.0
Agiez,292,5.5,53.4
Agno,4304,2.5,1728.5
Aigle,9892,16.5,602.8
Aire-la-Ville,1118,2.9,381.6
Airolo,1556,94.5,16.5
Alberswil,604,3.6,171.1
Albinen,257,15.5,16.6
Alchenstorf,574,6.6,87.5
Allaman,403,2.6,155.0
Alle,1718,10.6,162.1
Allmendingen,542,3.8,142.6
Allschwil,20249,8.9,2270.1
Almens,228,8.4,27.3
Alpnach,5811,53.8,108.1
Alpthal,597,22.9,26.1
Altbüron,979,6.8,144.8
Altdorf(UR),9000,10.2,881.5
Altendorf,6585,20.5,322.8
Alterswil,2001,16.1,124.2
Altikon,638,7.7,83.0
Altishofen,1570,5.7,272.6
Altnau,2158,6.7,323.1
AltoMalcantone,1373,21.9,62.6
Altstätten,11168,39.5,282.8
Altwis,406,2.9,139.0
Alvaneu,403,35.7,11.3
Alvaschein,142,4.1,34.8
Amden,1750,43.0,40.7
Amlikon-Bissegg,1313,14.5,91.0
Ammerswil,685,3.2,214.7
Amriswil,12763,19.0,671.0
Amsoldingen,786,4.7,166.9
Andeer,902,46.4,19.5
Andelfingen,2100,6.7,312.5
Andermatt,1393,62.2,22.4
Andiast,209,13.6,15.3
Andwil(SG),1925,6.3,306.0
Anières,2350,3.8,608.8
Anniviers,2644,243.1,10.9
Anwil,587,4.0,148.2
Appenzell,5729,16.9,339.8
Apples,1306,13.0,101.0
Aranno,325,2.7,119.5
Arbaz,1144,19.3,59.3
Arbedo-Castione,4576,21.3,215.0
Arboldswil,539,3.4,154.9
Arbon,14154,5.9,2382.8
Arch,1518,6.4,238.3
Arconciel,782,6.1,126.7
Ardez,425,61.4,6.9
Ardon,2964,20.4,145.7
Arisdorf,1614,10.0,161.4
Aristau,1384,8.7,160.2
Arlesheim,9115,7.0,1315.3
Arnex-sur-Nyon,199,2.1,97.5
Arnex-sur-Orbe,597,7.6,78.4
Arni(AG),1868,3.5,552.7
Arni(BE),935,10.4,89.6
Arogno,960,8.6,112.9
Arosa,3301,154.7,21.3
Arth,11062,42.1,262.9
Arvigo,87,17.0,5.1
Arzier-LeMuids,2443,51.9,47.1
Ascona,5423,5.0,1091.1
Assens,1035,5.3,193.5
Astano,297,3.8,78.6
Attalens,3172,9.8,325.0
Attelwil,283,2.2,127.5
Attinghausen,1592,46.8,34.0
Attiswil,1374,7.6,179.8
Au(SG),7228,4.7,1544.4
Aubonne,3069,9.4,327.2
Auboranges,273,1.9,141.5
Auenstein,1568,5.7,276.1
Augst,858,1.6,523.2
Ausserberg,642,14.9,43.1
Auswil,460,4.6,98.9
Autafond,71,2.4,29.3
Autigny,768,6.2,123.5
Auw,1869,8.6,218.1
AvegnoGordevio,1468,27.3,53.7
Avenches,3816,19.4,195.9
Avers,172,93.1,1.8
Avry,1846,5.8,316.6
Avully,1770,4.6,383.9
Avusy,1426,5.2,274.8
Ayent,3791,55.0,68.8
Baar,22576,24.8,909.2
Bachenbülach,4047,4.3,939.0
Bachs,610,9.2,66.8
BadRagaz,5681,25.4,223.7
BadZurzach,4173,6.5,640.0
Baden,18553,13.2,1407.7
Bäretswil,4914,22.2,221.5
Bäriswil,1026,2.8,375.8
Bärschwil,808,11.2,72.0
Bätterkinden,3142,10.1,308.9
Bättwil,1185,1.7,709.6
Bagnes,7919,282.2,28.1
Baldingen,274,2.8,96.8
Balerna,3359,2.6,1307.0
Balgach,4536,6.5,697.8
Ballaigues,987,9.1,109.3
Ballens,484,8.5,57.1
Ballwil,2611,8.7,298.4
BalmbeiGünsberg,190,5.5,34.7
Balsthal,5836,15.7,371.5
Baltschieder,1268,31.4,40.3
Bangerten,153,2.2,69.9
Bannwil,691,4.8,144.3
Barberêche,531,9.1,57.9
Bardonnex,2219,5.0,443.8
Bargen(BE),1001,7.9,127.2
Bargen(SH),290,8.3,35.1
Bas-Intyamon,1225,33.3,36.8
Bas-Vully,2033,10.0,204.3
Basadingen-Schlattingen,1771,15.7,113.2
Basel,167386,24.0,7000.7
Basse-Allaine,1272,23.0,55.2
Bassersdorf,11350,9.0,1258.3
Bassins,1303,20.9,62.7
Bauen,172,3.8,45.5
Baulmes,1016,22.6,45.1
Bauma,4307,20.8,207.0
Bavois,878,9.3,94.0
Beatenberg,1150,29.2,39.3
Beckenried,3387,24.3,139.8
Bedano,1529,1.9,817.6
Bedigliora,639,2.5,257.7
Bedretto,90,75.2,1.2
Beggingen,505,12.6,40.1
Begnins,1657,4.8,346.7
Beinwil(Freiamt),1069,11.3,94.8
Beinwil(SO),271,22.7,12.0
BeinwilamSee,2964,3.9,771.9
Belfaux,2992,6.4,463.2
Bellach,5163,5.3,979.7
Bellevue,3247,4.4,746.4
Bellikon,1563,4.9,315.8
Bellinzona,17962,19.1,938.0
Bellmund,1582,3.8,416.3
Bellwald,435,13.7,31.8
Belmont-sur-Lausanne,3545,2.6,1337.7
Belmont-sur-Yverdon,358,6.5,55.3
Belp,11346,23.3,487.2
Belprahon,314,3.8,82.0
Benken(SG),2803,16.4,170.4
Benken(ZH),828,5.7,146.3
Bennwil,643,6.5,98.8
Bercher,1149,4.2,270.4
Berg(SG),838,3.8,224.1
Berg(TG),3256,13.1,248.7
BergamIrchel,578,7.1,82.3
Bergdietikon,2524,6.0,425.6
Bergün/Bravuogn,455,145.6,3.1
Berikon,4490,5.4,836.1
Beringen,4118,18.6,220.9
Berken,43,1.4,30.9
Berlingen,866,3.6,243.3
Bern,128848,51.6,2496.1
Berneck,3798,5.6,674.6
Bernex,9758,13.0,753.5
Berolle,298,9.6,31.0
Beromünster,6112,42.2,144.9
Besenbüren,576,2.4,242.0
Bettenhausen,679,4.0,172.3
Bettens,434,3.8,115.7
Bettingen,1150,2.2,515.7
Bettlach,4835,12.2,396.0
Bettmeralp,439,29.4,15.0
Bettwiesen,1149,3.9,298.4
Bettwil,561,4.3,132.0
Beurnevésin,131,5.1,25.7
Bevaix,3872,10.8,359.2
Bever,633,45.7,13.8
Bévilard,1730,5.8,304.6
Bex,6848,96.6,70.9
Biasca,6164,59.1,104.2
Biberist,8124,12.2,660.5
Biberstein,1492,4.1,363.0
Bichelsee-Balterswil,2757,12.2,224.7
Biel-Benken,3255,4.1,790.0
Biel/Bienne,53031,21.3,2497.9
Bière,1508,25.0,60.3
Biezwil,331,4.2,79.2
Biglen,1747,3.6,486.6
Billens-Hennens,670,4.9,137.6
Binn,153,65.0,2.4
Binningen,14905,4.5,3364.6
Bioggio,2560,6.5,398.1
Bioley-Magnoux,184,4.3,43.1
Bioley-Orjulaz,456,3.1,146.6
Birmensdorf(ZH),6087,11.4,532.5
Birmenstorf(AG),2856,7.8,366.6
Birr,4318,5.0,855.0
Birrhard,663,3.0,221.7
Birrwil,1003,3.4,293.3
Birsfelden,10234,2.5,4061.1
Birwinken,1326,12.3,107.4
Bischofszell,5689,11.7,489.6
Bissone,879,1.8,483.0
Bister,30,5.8,5.1
Bitsch,856,4.1,212.9
Bivio,196,76.7,2.6
Blatten,290,90.7,3.2
Blauen,688,7.1,96.5
Bleienbach,661,5.7,116.2
Blenio,1708,202.2,8.5
Blitzingen,76,11.8,6.4
Blonay,6069,16.0,377.2
Blumenstein,1163,15.5,74.9
Bodio,1042,6.4,161.8
Böbikon,163,2.6,62.9
Böckten,792,2.3,347.4
Boécourt,893,12.3,72.3
Bönigen,2520,15.1,166.7
Bösingen,3309,14.3,230.8
Böttstein,3711,7.5,500.8
Bözberg,1539,15.6,99.2
Bözen,746,3.9,188.9
Bofflens,186,4.2,44.1
Bogis-Bossey,884,2.5,360.8
Bolken,583,2.1,275.0
Bolligen,6078,16.6,367.0
Boltigen,1313,77.0,17.0
Bonaduz,3036,14.5,210.8
Boncourt,1253,9.0,139.1
Bonfol,675,13.6,49.7
Boningen,729,2.8,262.2
Boniswil,1409,2.4,584.6
Bonstetten,5260,7.5,707.9
Bonvillars,515,7.5,68.3
Boppelsen,1311,3.9,331.1
Borex,891,2.0,450.0
Bosco/Gurin,56,22.1,2.5
Bossonnens,1429,4.1,348.5
Boswil,2603,11.8,221.2
Bottens,1229,6.9,178.4
Bottenwil,787,5.1,154.3
Botterens,521,4.2,125.5
Bottighofen,2124,2.4,888.7
Bottmingen,6314,3.0,2111.7
Boudry,5293,16.7,315.6
Bougy-Villars,423,1.8,239.0
Boulens,314,3.4,91.3
Bourg-en-Lavaux,5118,9.7,530.4
Bourg-Saint-Pierre,194,90.2,2.2
Bournens,334,3.9,85.6
Bourrignon,269,13.6,19.9
Boussens,915,3.2,290.5
Bovernier,835,12.9,64.9
Bowil,1357,14.7,92.4
Braggio,51,6.9,7.4
Braunau,726,9.2,79.2
Bregaglia,1564,251.4,6.2
Breggia,1966,25.6,77.2
Breil/Brigels,1290,50.8,25.4
Breitenbach,3635,6.8,534.6
Bremblens,486,3.0,167.6
Bremgarten(AG),7669,11.3,675.1
BremgartenbeiBern,4329,1.9,2266.5
Brenles,145,3.8,37.9
Brenzikofen,520,2.2,236.4
Bretigny-sur-Morrens,740,2.9,258.7
Bretonnières,233,5.5,42.8
Bretzwil,759,7.4,103.5
Brienz(BE),2998,48.0,62.5
Brienz/Brinzauls,128,13.4,9.6
Brienzwiler,481,17.6,27.2
Brig-Glis,12823,38.0,336.7
Brione(Verzasca),193,48.5,4.0
BrionesopraMinusio,527,3.8,137.2
Brislach,1610,9.4,171.5
Brissago,1802,17.8,101.3
Brittnau,3773,13.7,275.6
Broc,2500,10.1,249.0
Brot-Dessous,105,5.0,21.2
Brot-Plamboz,247,16.1,15.4
Brügg,4251,5.0,851.9
Brünisried,651,3.2,200.3
Brüttelen,581,6.6,87.8
Brütten,2009,6.7,303.9
Brugg,10909,6.3,1715.3
Brunegg,687,1.5,440.4
BrusinoArsizio,472,4.1,116.8
Brusio,1116,46.3,24.1
Bubendorf,4414,10.8,408.7
Bubikon,6933,11.6,597.7
Buch(SH),313,3.8,82.6
BuchamIrchel,921,10.1,89.8
Buchberg,847,5.9,143.8
Buchegg,2524,22.8,111.5
Buchholterberg,1544,15.3,100.8
Buchillon,642,2.2,301.4
Buchrain,6143,4.8,1277.1
Buchs(AG),7407,5.3,1389.7
Buchs(SG),11938,16.0,748.5
Buchs(ZH),6201,5.9,1061.8
Buckten,692,2.0,347.7
Büetigen,775,3.6,214.7
Bühl,413,3.0,138.6
Bühler,1702,5.6,303.4
Bülach,18408,16.1,1144.1
Bünzen,1009,5.8,174.9
Bürchen,725,13.4,53.9
Büren(SO),935,6.2,150.1
BürenanderAare,3444,12.6,273.3
Bürglen(TG),3501,11.7,299.7
Bürglen(UR),3954,53.1,74.6
Büron,2280,5.4,421.4
Büsserach,2084,7.6,276.0
Bütschwil-Ganterschwil,4541,21.8,208.2
Büttenhardt,359,4.0,89.3
Büttikon,959,2.8,340.1
Bulle,20824,23.9,872.4
Bullet,603,16.9,35.8
Buochs,5314,9.9,534.1
Bure,671,13.7,49.0
Burg(AG),965,0.9,1026.6
BurgimLeimental,252,2.8,89.0
Burgdorf,15907,15.6,1019.7
Burgistein,1019,7.5,135.3
Bursinel,475,1.8,268.4
Bursins,785,3.4,232.9
Burtigny,355,5.7,62.5
Buseno,92,11.2,8.3
Bussigny,8167,4.8,1694.4
Bussnang,2196,19.0,116.1
BusswilbeiMelchnau,194,2.8,67.6
Bussy(FR),406,3.6,112.8
Bussy-Chardonney,382,3.1,125.2
Bussy-sur-Moudon,185,3.1,59.9
Buttisholz,3307,16.8,197.6
Buttwil,1159,4.5,256.4
Buus,980,8.9,110.7
Cademario,747,3.9,188.6
Cadempino,1512,0.8,1989.5
Cadenazzo,2544,8.4,303.9
Cama,562,15.1,37.5
Camorino,2749,8.3,332.0
Campo(Vallemaggia),51,43.3,1.2
Canobbio,2065,1.3,1588.5
Capriasca,6458,36.3,177.7
Carouge(GE),20630,2.7,7640.7
Carrouge(VD),1093,5.4,201.7
Cartigny,861,4.4,196.6
Caslano,4256,2.8,1498.6
Castaneda,240,3.9,60.6
CastelSanPietro,2069,11.8,174.9
Casti-Wergenstein,53,25.6,2.1
Cauco,35,10.9,3.2
Cazis,2170,31.2,69.6
Celerina/Schlarigna,1488,24.0,61.9
Céligny,657,4.7,141.3
Centovalli,1177,51.4,22.9
Cerentino,61,20.1,3.0
Cevio,1163,151.3,7.7
Châbles,718,4.8,151.5
Chalais,3286,24.5,134.3
Cham,15375,17.8,868.2
Chamblon,581,2.9,203.1
Chamoson,3365,32.4,103.6
Champagne,1001,3.9,255.4
Champéry,1256,39.0,32.3
Champoz,157,7.2,21.9
Champtauroz,137,3.0,44.9
Champvent,589,9.0,65.2
Chancy,1373,5.4,256.2
Chapelle(Glâne),262,2.0,129.1
Chardonne,2824,10.3,273.6
Charrat,1552,7.6,203.9
Château-d'Oex,3358,113.6,29.5
Châtel-Saint-Denis,6275,47.9,131.0
Châtel-sur-Montsalvens,254,2.0,124.5
Châtelat,105,4.2,25.3
Châtillon(FR),408,1.3,311.5
Châtillon(JU),453,5.3,85.3
Châtonnaye,738,6.3,117.0
Chavannes-de-Bogis,1210,2.9,424.6
Chavannes-des-Bois,823,2.2,384.6
Chavannes-le-Chêne,275,4.0,69.1
Chavannes-le-Veyron,129,2.7,49.0
Chavannes-près-Renens,7193,1.7,4359.4
Chavannes-sur-Moudon,238,5.2,46.3
Chavornay,3967,11.1,359.0
Cheiry,371,6.5,57.3
Chêne-Bougeries,10559,4.1,2556.7
Chêne-Bourg,8080,1.3,6312.5
Chêne-Pâquier,125,2.1,59.0
Chénens,705,4.0,178.5
Chermignon,3055,5.4,567.8
Chesalles-sur-Moudon,153,1.7,91.6
Cheseaux-Noréaz,667,6.1,110.6
Cheseaux-sur-Lausanne,4035,4.6,879.1
Chéserex,1227,10.6,116.2
Chésopelloz,132,1.7,81.5
Chessel,351,3.6,98.3
Chevilly,248,3.8,64.1
Chevroux,406,4.4,92.9
Chexbres,2101,2.2,981.8
Cheyres,1338,5.1,260.8
Chiasso,8074,5.3,1514.8
Chigny,338,0.9,375.6
Chippis,1660,2.0,838.4
Choulex,1056,3.9,270.1
Chur,34350,28.0,1222.9
Churwalden,2062,48.6,42.5
Clarmont,149,1.0,149.0
Claro,2753,21.2,129.7
Clavaleyres,49,1.0,48.5
ClosduDoubs,1301,61.8,21.1
Coeuve,700,11.6,60.2
Coinsins,398,2.9,136.8
Coldrerio,2750,2.5,1117.9
Collex-Bossy,1653,6.9,239.9
Collinad'Oro,4525,6.1,741.8
Collombey-Muraz,7982,29.8,267.8
Collonge-Bellerive,7570,6.1,1236.9
Collonges,674,12.2,55.2
Cologny,4981,3.7,1357.2
Comano,2061,2.0,1000.5
Commugny,2784,6.5,427.6
Concise,947,11.4,83.1
Confignon,4373,2.8,1578.7
ContersimPrättigau,223,18.4,12.1
Conthey,8195,85.1,96.4
Coppet,3081,1.9,1647.6
Corban,462,7.9,58.9
Corbeyrier,408,22.0,18.6
Corbières,776,9.6,80.8
Corcelles(BE),212,6.8,31.3
Corcelles-Cormondrèche,4681,4.9,963.2
Corcelles-le-Jorat,440,8.0,55.5
Corcelles-près-Concise,310,4.1,75.8
Corcelles-près-Payerne,2051,12.1,169.1
Corcelles-sur-Chavornay,340,5.5,62.0
Corgémont,1621,17.6,92.0
Corippo,12,7.7,1.6
Corminboeuf,2180,5.6,387.9
Cormoret,481,13.5,35.7
Cornaux,1585,4.7,335.8
Cornol,965,10.5,92.4
Corpataux-Magnedens,1264,4.5,289.2
Corseaux,2132,1.1,2011.3
Corserey,390,3.5,113.4
Corsier(GE),1981,2.8,723.0
Corsier-sur-Vevey,3338,6.7,494.5
Cortaillod,4702,3.7,1274.3
Cortébert,714,14.8,48.3
Cossonay,3534,8.2,426.3
Cottens(FR),1421,5.0,285.9
Cottens(VD),459,2.4,194.5
Courchapoix,411,6.4,64.3
Courchavon,296,6.3,47.8
Courgenay,2223,18.4,120.6
Courgevaux,1357,3.4,403.9
Courlevon,312,3.3,95.7
Courrendlin,2722,11.0,245.7
Courroux,3149,19.7,159.5
Court,1432,24.6,58.2
Courtedoux,748,8.2,91.0
Courtelary,1290,22.1,58.2
Courtepin,3606,4.1,888.2
Courtételle,2501,13.6,184.3
Crans-près-Céligny,2147,4.3,497.0
Crassier,1128,2.0,555.7
Cremin,54,1.7,32.7
Crémines,539,9.5,56.8
Cresciano,663,17.2,38.5
Cressier(FR),848,4.2,203.4
Cressier(NE),1930,8.6,225.7
Crésuz,305,1.8,171.3
Crissier,7526,5.5,1365.9
Croglio,883,4.4,201.6
Cronay,351,6.6,53.3
Croy,319,4.5,71.2
Cuarnens,409,7.1,57.3
Cuarny,195,4.6,42.7
Cudrefin,1431,15.9,90.5
Cugnasco-Gerra,2898,35.8,81.1
Cugy(FR),1510,9.9,153.1
Cugy(VD),2703,2.9,932.1
Cunter,248,7.1,34.8
Cureglia,1299,1.1,1225.5
Curio,544,2.9,188.9
Curtilles,309,5.0,62.4
Dachsen,1984,2.7,732.1
Dägerlen,977,8.0,122.7
Dällikon,3768,4.5,837.3
Däniken,2785,5.4,514.8
Dänikon,1955,2.8,681.2
Därligen,415,6.9,60.1
Därstetten,840,32.8,25.6
Dättlikon,756,2.9,261.6
Dagmersellen,5095,23.9,213.2
Daillens,916,5.5,165.9
Dallenwil,1796,15.5,116.1
Dalpe,192,14.5,13.2
Damphreux,179,5.7,31.6
Dardagny,1510,8.6,175.6
Davos,11211,284.0,39.5
Degersheim,3973,14.4,274.8
DeisswilbeiMünchenbuchsee,84,2.1,39.1
Deitingen,2258,7.6,295.5
Delémont,12186,22.0,554.2
Delley-Portalban,1016,7.3,139.9
Démoret,121,4.3,28.3
Denens,673,3.3,204.6
Denges,1621,1.7,976.5
Densbüren,683,12.6,54.6
Derendingen,6096,5.6,1084.7
Develier,1421,12.5,114.0
Diegten,1607,9.7,166.7
Dielsdorf,5888,5.9,1004.8
Diemerswil,188,2.8,65.7
Diemtigen,2154,130.0,16.6
Diepflingen,690,1.4,479.2
Diepoldsau,6066,11.2,541.6
Dierikon,1462,2.8,525.9
DiessbachbeiBüren,950,6.3,150.6
Diessenhofen,3614,10.0,357.1
Dietikon,25426,9.3,2725.2
Dietlikon,7238,4.2,1707.1
Dietwil,1286,5.5,233.8
Dinhard,1497,7.1,212.0
Dintikon,2110,3.7,565.7
Disentis/Mustér,2064,91.1,22.7
Dittingen,771,6.7,114.2
Dizy,225,3.1,74.0
Dörflingen,933,5.8,160.3
Döttingen,3826,7.0,552.9
Domat/Ems,7554,24.2,311.9
Domdidier,2936,8.9,329.5
Dompierre(FR),937,4.4,210.6
Dompierre(VD),250,3.2,77.9
Donat,205,4.7,43.9
Donneloye,739,9.0,82.0
Doppleschwand,746,7.0,107.0
Dorénaz,834,12.5,66.3
Dorf,621,5.5,111.9
Dornach,6468,5.8,1121.0
Dottikon,3710,3.9,956.2
Dotzigen,1408,4.2,333.6
Dozwil,675,1.3,511.4
DreiHöfe,745,4.5,163.4
Dübendorf,25801,13.6,1894.3
Düdingen,7664,30.8,249.0
Dürnten,7181,10.2,702.6
Dürrenäsch,1189,5.9,201.2
Dürrenroth,1066,14.0,75.5
Duggingen,1431,5.9,243.8
Duillier,1052,4.1,256.0
Dulliken,4765,6.0,786.3
Dully,570,1.6,343.4
Ebersecken,402,8.6,47.0
Ebikon,12602,9.7,1301.9
Ebnat-Kappel,4977,43.6,114.3
Echallens,5391,6.7,809.5
Echandens,2234,3.9,575.8
Echarlens,784,4.6,169.3
Echichens,2556,13.3,192.9
Eclépens,1017,5.8,175.0
Ecublens(FR),320,4.9,65.3
Ecublens(VD),12001,5.7,2101.8
Ederswiler,118,3.3,35.6
Effingen,592,6.9,86.4
Egerkingen,3308,6.9,476.7
Egg,8296,14.5,572.1
Eggenwil,915,2.5,372.0
Eggerberg,339,6.0,57.1
Eggersriet,2243,8.9,252.0
Eggiwil,2433,60.3,40.3
Eglisau,4942,9.1,545.5
Egliswil,1326,6.3,210.8
Egnach,4466,18.5,242.5
Egolzwil,1329,4.2,318.7
Ehrendingen,4519,7.3,619.9
Eich,1696,5.9,285.5
Eichberg,1507,5.5,277.5
Eiken,2152,7.0,304.0
Einsiedeln,14878,99.1,150.2
Eischoll,449,13.8,32.6
Eisten,209,38.0,5.5
Elfingen,268,4.2,63.4
Elgg,4121,15.6,264.3
EllikonanderThur,906,5.0,180.5
Elsau,3421,8.0,424.4
Embd,311,13.4,23.2
Embrach,8940,12.7,704.5
Emmen,28926,20.3,1422.8
Emmetten,1363,25.0,54.7
Endingen,2394,11.9,200.8
Engelberg,4020,74.8,53.7
Enges,266,9.5,27.7
Ennetbaden,3264,2.1,1546.9
Ennetbürgen,4553,9.4,488.0
Ennetmoos,2109,14.1,149.9
Entlebuch,3290,57.0,57.8
Epalinges,8936,4.6,1955.4
Ependes(FR),1100,5.6,196.1
Ependes(VD),332,4.8,68.7
Eppenberg-Wöschnau,317,1.8,175.1
Epsach,324,3.4,95.6
Eptingen,516,11.2,46.1
Ergisch,193,30.1,6.4
Eriswil,1386,11.3,122.0
Eriz,485,21.8,22.3
Erlach,1327,3.5,378.1
Erlen,3299,12.2,270.6
Erlenbach(ZH),5340,3.0,1847.8
ErlenbachimSimmental,1664,36.7,45.3
Erlinsbach(AG),3839,9.9,389.7
Erlinsbach(SO),3327,8.9,375.1
Ermatingen,3090,10.4,296.0
Ermensee,875,5.7,154.3
Ernen,538,35.4,15.2
Erschwil,892,7.5,120.1
Ersigen,1642,8.7,188.7
Erstfeld,3804,59.2,64.3
Eschenbach(LU),3553,13.2,268.6
Eschenbach(SG),8903,54.9,162.3
Eschenz,1693,12.0,141.0
Eschert,364,6.6,55.3
Eschlikon,4160,6.2,669.9
Escholzmatt-Marbach,4323,106.4,40.6
Essert-Pittet,152,2.8,55.1
Essertes,319,1.7,193.3
Essertines-sur-Rolle,682,7.0,98.1
Essertines-sur-Yverdon,901,9.7,92.4
Estavayer-le-Lac,6094,8.9,685.5
Etagnières,1076,3.8,283.9
Etoy,2883,4.9,587.2
Ettingen,4870,6.4,766.9
Ettiswil,2535,12.5,201.7
Etziken,771,3.4,228.1
Evilard,2500,3.6,679.3
Evionnaz,1202,48.0,25.0
Evolène,1729,210.0,8.2
Eysins,1398,2.3,587.4
Fällanden,8147,6.4,1277.0
Fahrni,811,6.7,121.6
Fahrwangen,1940,4.0,486.2
Fahy,357,7.8,45.9
Faido,2993,126.1,23.7
Falera,594,22.4,26.6
Faoug,795,3.5,230.4
Farnern,208,3.7,56.4
Farvagny,2168,10.0,216.2
Féchy,857,2.7,317.4
Fehraltorf,6283,9.5,662.8
Fehren,626,1.5,423.0
Felben-Wellhausen,2611,7.3,353.8
Feldbrunnen-St.Niklaus,939,2.5,375.6
Felsberg,2429,13.4,181.4
Ferden,254,27.9,9.1
Ferenbalm,1245,9.2,135.6
Ferlens(VD),328,2.2,151.2
Ferpicloz,280,1.0,277.2
Ferrera,88,75.4,1.2
Ferreyres,304,3.2,96.5
Fétigny,896,4.1,219.6
Feuerthalen,3490,2.5,1407.3
Feusisberg,4936,17.5,281.9
Fey,608,7.4,82.7
Fideris,583,25.3,23.0
Fiesch,935,11.3,83.0
Fieschertal,320,173.0,1.9
Fiez,412,6.8,60.2
Filisur,440,44.6,9.9
Finhaut,447,22.8,19.6
Finsterhennen,516,3.6,144.9
Fischbach,709,8.1,88.1
Fischbach-Göslikon,1578,3.1,514.0
Fischenthal,2326,30.2,76.9
Fischingen,2554,30.7,83.4
Fisibach,394,5.8,68.0
Fislisbach,5488,5.1,1084.6
Flaach,1351,10.2,132.8
Fläsch,671,20.0,33.7
Flawil,10279,11.5,895.4
Flerden,223,6.1,36.6
Flims,2651,50.5,52.5
Flüelen,1985,12.4,159.8
Flühli,1874,108.1,17.3
Flumenthal,941,3.1,302.6
Flums,4876,75.1,64.9
Flurlingen,1404,2.4,580.2
Fontaines-sur-Grandson,154,7.9,19.6
Fontenais,1677,20.0,83.9
Forel(Lavaux),2037,18.5,110.0
Forel-sur-Lucens,152,2.9,53.7
Forst-Längenbühl,766,4.5,170.6
Founex,3450,4.8,720.3
Fräschels,466,3.1,148.4
Frasco,106,25.8,4.1
Fraubrunnen,4841,32.0,151.4
Frauenfeld,24399,27.4,891.5
Frauenkappelen,1234,9.3,133.1
Freienbach,15870,13.8,1151.7
Freienstein-Teufen,2288,8.3,272.4
Freienwil,967,4.0,241.8
Freimettigen,470,2.9,159.3
Frenkendorf,6394,4.6,1390.0
Fresens,223,1.6,141.1
Fribourg,37485,9.3,4030.6
Frick,5107,10.0,512.8
Froideville,2113,7.1,298.4
Frutigen,6727,71.8,93.8
Ftan,506,43.1,11.7
Füllinsdorf,4331,4.6,939.5
Fürstenau,364,1.3,275.8
Fulenbach,1686,4.5,373.0
Full-Reuenthal,820,4.9,170.1
Fully,8181,37.8,216.5
Furna,198,33.3,5.9
Gachnang,3629,9.8,373.4
Gächlingen,794,7.3,111.0
Gänsbrunnen,99,11.4,8.7
Gais,3052,21.2,143.8
Gaiserwald,8033,12.7,634.5
Galgenen,5019,13.3,377.9
Galmiz,636,9.1,70.2
Gals,731,7.9,93.0
Gambarogno,5073,51.7,97.9
Gampel-Bratsch,1906,23.1,82.5
Gampelen,802,10.8,74.1
Gams,3215,22.3,144.2
Gansingen,1000,8.8,114.0
Gebenstorf,4894,5.7,866.2
Gelterfingen,249,3.5,71.3
Gelterkinden,5754,9.8,587.7
Geltwil,194,3.3,58.8
Gempen,854,6.0,142.3
Gempenach,287,1.7,169.8
Genève,191557,15.9,12024.9
Genolier,1815,4.9,372.7
Genthod,2736,2.8,953.3
Gerlafingen,4936,1.9,2668.1
Geroldswil,4764,1.9,2468.4
Gersau,2169,14.4,150.9
Gerzensee,1179,7.8,151.3
Gettnau,1035,6.0,170.5
Geuensee,2625,6.4,407.0
Giebenach,1068,1.3,797.0
Giez,391,4.8,82.0
Giffers,1466,5.2,281.4
Gilly,1052,7.7,135.6
Gimel,1885,18.9,99.8
Gingins,1206,12.6,95.9
Giornico,876,19.5,45.0
Gipf-Oberfrick,3509,10.2,344.7
Gisikon,1123,1.1,1039.8
Giswil,3555,85.9,41.4
Giubiasco,8561,6.2,1374.2
Givisiez,3146,3.5,909.2
Givrins,980,4.0,246.9
Gland,12087,8.4,1452.8
Glarus,12422,103.6,119.8
GlarusNord,17335,147.0,118.0
GlarusSüd,9836,430.2,22.9
Glattfelden,4647,12.3,377.2
Gletterens,954,2.9,326.7
Gnosca,718,7.5,96.4
Göschenen,440,104.1,4.2
Golaten,313,2.8,111.8
Goldach,9267,4.7,1971.7
Gollion,792,5.5,145.6
Gommiswald,4979,33.6,148.4
Gondiswil,745,9.4,79.5
Gonten,1445,24.7,58.5
Gontenschwil,2038,9.8,209.2
Gordola,4480,7.0,636.4
Gorduno,747,9.2,81.0
Gorgier,2001,14.0,143.1
Gossau(SG),18087,27.5,657.5
Gossau(ZH),9714,18.3,531.7
Gottlieben,306,0.4,927.3
Goumoëns,934,10.7,87.4
Graben,317,3.2,100.3
Grabs,6982,54.7,127.7
Grächen,1396,14.3,97.5
Gränichen,7185,17.3,416.8
Grafschaft,183,22.6,8.1
Grancia,505,0.6,801.6
Grancy,406,5.7,71.4
Grandcour,822,10.2,80.5
Grandevent,226,3.5,65.5
Grandfontaine,381,8.9,42.4
Grandson,3202,7.9,407.4
Grandval,362,8.2,43.9
Grandvillard,772,24.2,32.0
Granges(Veveyse),829,4.5,185.9
Granges-Paccot,3102,4.0,775.5
Grangettes,197,3.4,59.5
Gravesano,1243,0.6,1801.4
Greifensee,5308,2.3,2287.9
Grellingen,1786,3.3,539.6
Grenchen,16401,26.1,630.6
Greng,176,1.0,181.4
Grengiols,464,58.5,7.9
Grens,380,2.6,148.4
Greppen,1043,3.3,314.2
Gresso,41,11.1,3.7
Gretzenbach,2531,5.8,436.4
Grimisuat,3038,4.5,684.2
Grindel,458,3.0,149.7
Grindelwald,3768,171.1,22.0
Grolley,1886,5.3,353.2
Grône,2253,21.1,106.6
Grono,997,14.8,67.3
Grossaffoltern,2887,15.1,192.1
Grossdietwil,836,10.2,82.0
Grosshöchstetten,3433,3.4,992.2
Grosswangen,3097,19.7,157.1
Grub(AR),1020,4.2,241.7
Grüningen,3283,8.8,373.5
Grüsch,1953,43.3,45.1
Gruyères,2077,28.4,73.2
Gryon,1241,15.2,81.5
Gsteig,987,62.4,15.8
Gsteigwiler,422,7.0,60.1
Guarda,161,31.5,5.1
Gudo,831,9.9,83.6
Gündlischwand,314,16.9,18.6
Günsberg,1135,5.3,216.2
Güttingen,1491,9.5,157.1
Guggisberg,1556,54.9,28.3
Gunzgen,1646,3.9,417.8
Gurbrü,253,1.8,137.5
Gurmels,4030,17.2,233.1
Gurtnellen,571,83.4,6.9
Gurzelen,809,4.5,178.2
Guttannen,321,200.7,1.6
Guttet-Feschel,432,10.5,41.1
Gy,497,3.2,151.5
Habkern,648,51.1,12.7
Habsburg,410,2.2,183.9
Häfelfingen,273,3.9,68.9
Hägendorf,4702,13.9,337.3
Häggenschwil,1223,9.2,134.4
Hägglingen,2334,7.8,301.2
Härkingen,1453,5.6,264.2
Häutligen,248,3.0,80.8
Hagenbuch,1085,8.2,133.6
Hagneck,405,1.8,221.3
Haldenstein,1001,18.6,53.9
Hallau,2071,15.3,135.2
Hallwil,784,2.2,358.0
Halten,863,1.9,471.6
Hasle(LU),1732,40.3,43.0
HaslebeiBurgdorf,3262,21.9,149.0
Hasliberg,1214,41.7,29.1
Hauenstein-Ifenthal,315,5.3,58.9
Hauptwil-Gottshaus,1905,12.5,152.5
Hausen(AG),3299,3.2,1027.7
HausenamAlbis,3431,13.7,251.9
Haut-Intyamon,1445,60.5,23.9
Haut-Vully,1360,7.6,179.4
Haute-Ajoie,987,36.5,27.1
Haute-Sorne,6828,71.1,96.1
Hauterive(FR),2367,11.9,198.2
Hauterive(NE),2579,2.2,1216.5
Hauteville,583,10.6,55.4
Hedingen,3595,6.5,550.5
Hefenhofen,1234,6.1,204.0
Heiden,4031,7.5,539.6
Heiligenschwendi,693,5.6,124.9
Heimberg,6585,5.4,1217.2
Heimenhausen,1021,5.8,174.5
Heimiswil,1604,23.4,68.7
Heitenried,1377,9.1,151.0
Hellikon,784,7.1,111.2
Hellsau,191,1.5,129.1
Hemberg,924,20.2,45.8
Hemishofen,441,7.9,55.8
Hemmiken,263,3.4,77.6
Hendschiken,1050,3.5,298.3
Henggart,2275,3.1,748.4
Henniez,266,2.6,101.9
Herbetswil,541,16.4,33.2
Herbligen,581,2.7,210.5
Herdern,995,13.7,72.8
Hérémence,1376,107.6,12.8
Hergiswil(NW),5578,14.2,389.8
HergiswilbeiWillisau,1860,31.3,59.4
Herisau,15342,25.2,608.8
Hermance,966,1.5,670.8
Hermenches,368,4.8,77.1
Hermiswil,93,1.1,89.4
Hermrigen,258,3.5,75.4
Herrliberg,6173,9.0,687.4
Hersberg,330,1.7,197.6
Herznach,1399,6.3,222.8
Herzogenbuchsee,6979,9.8,710.0
Hettlingen,3013,5.8,510.7
Hildisrieden,2015,7.0,285.8
Hilterfingen,4058,2.8,1439.0
Himmelried,933,6.0,155.5
Hindelbank,2304,6.7,342.3
Hinterrhein,63,48.4,1.3
Hinwil,10751,22.3,482.1
Hirschthal,1485,3.5,420.7
Hirzel,2146,9.7,220.8
Hittnau,3562,13.0,274.6
Hitzkirch,4942,24.6,200.0
Hochdorf,9101,9.6,946.0
Hochfelden,2009,6.2,326.1
Hochwald,1277,8.3,153.5
Höchstetten,272,2.6,103.0
Hölstein,2368,6.0,392.7
Höri,2636,4.8,551.5
Hofstetten(ZH),481,8.9,54.5
HofstettenbeiBrienz,533,8.7,60.8
Hofstetten-Flüh,3136,7.5,417.0
Hohenrain,2490,23.4,107.1
Hohentannen,621,8.0,77.6
Holderbank(AG),1024,2.3,441.4
Holderbank(SO),631,7.8,81.3
Holziken,1285,2.9,449.3
Homberg,510,6.5,78.5
Hombrechtikon,8200,12.2,673.2
Homburg,1478,24.1,61.2
Honau,376,1.3,300.8
Horgen,19608,21.1,928.8
Horn,2611,1.7,1518.0
Hornussen,882,7.3,121.3
Horrenbach-Buchen,251,20.4,12.3
Horriwil,861,2.6,327.4
Horw,13790,12.8,1074.0
Hospental,202,35.0,5.8
Hubersdorf,740,1.4,544.1
Hünenberg,8802,18.4,477.1
Hüniken,86,1.0,85.1
Hüntwangen,1005,4.9,204.7
Hütten,908,7.2,124.6
Hüttikon,681,1.6,428.3
Hüttlingen,816,11.6,70.3
Hüttwilen,1587,17.7,89.9
Humlikon,482,3.7,131.0
Hundwil,976,24.1,40.7
Hunzenschwil,3509,3.3,1076.4
Huttwil,4702,17.3,272.7
Icogne,548,25.0,22.1
Iffwil,417,5.0,82.4
Ilanz/Glion,4620,133.4,34.6
Illgau,801,10.9,73.6
Illnau-Effretikon,16279,25.3,643.7
Inden,126,9.9,12.8
Ingenbohl,8640,13.5,643.3
Inkwil,622,3.4,185.1
Innerthal,193,50.2,3.8
Innertkirchen,1041,236.6,4.4
Ins,3345,23.9,140.2
Interlaken,5659,4.4,1316.0
Inwil,2387,10.3,231.3
Ipsach,4032,1.9,2111.0
Iragna,552,18.3,30.0
Iseltwald,426,21.9,19.5
Isenthal,519,61.0,8.5
Isérables,879,15.3,57.7
Islisberg,605,1.7,364.5
Isone,397,12.9,31.0
Isorno,324,17.1,18.9
Itingen,2048,3.1,652.2
Ittigen,11067,4.2,2628.7
Jaberg,255,1.3,193.2
Jaun,670,55.2,12.1
Jegenstorf,5466,13.5,404.9
Jenaz,1147,26.0,44.3
Jenins,896,10.5,85.0
Jens,676,4.6,147.6
Jeuss,420,1.8,236.0
Jonen,1975,5.7,346.5
Jongny,1449,2.2,670.8
Jonschwil,3736,11.1,339.3
Jorat-Menthue,1417,17.7,80.3
Jouxtens-Mézery,1365,1.9,707.3
Juriens,293,9.3,31.3
Jussy,1237,11.4,109.0
Känerkinden,483,1.4,326.4
Kaiseraugst,5524,4.9,1125.1
Kaiserstuhl,397,0.3,1240.6
Kaisten,2558,18.1,141.5
Kallern,319,2.7,119.0
Kallnach,1911,15.2,125.9
Kaltbrunn,4621,18.6,247.5
Kammersrohr,34,0.9,35.8
Kandergrund,777,32.0,24.2
Kandersteg,1271,134.5,9.4
Kappel(SO),2958,5.1,581.1
KappelamAlbis,956,7.8,120.9
Kappelen,1353,10.9,123.4
Kaufdorf,1020,2.1,495.1
Kehrsatz,4164,4.4,937.8
Kemmental,2320,25.1,92.7
Kernenried,447,3.3,134.2
Kerns,5943,92.6,64.2
Kerzers,4774,12.2,390.4
Kesswil,996,4.4,222.8
Kestenholz,1739,8.6,202.7
Kienberg,526,8.6,61.7
Kiesen,900,4.7,192.3
Kilchberg(BL),157,1.6,98.7
Kilchberg(ZH),7809,2.6,3026.7
Killwangen,1897,2.4,780.7
Kippel,364,11.7,31.2
Kirchberg(BE),5786,9.1,640.0
Kirchberg(SG),8522,42.6,200.2
Kirchdorf(BE),868,6.1,141.6
Kirchenthurnen,275,1.3,220.0
Kirchleerau,777,4.4,178.2
Kirchlindach,2887,11.9,241.6
Kleinandelfingen,2046,10.3,198.3
Kleinbösingen,595,3.0,197.7
Kleinlützel,1259,16.3,77.3
Klingnau,3251,6.7,484.5
Klosters-Serneus,3863,193.2,20.0
Kloten,18400,19.3,954.9
Knonau,2007,6.5,310.2
Knutwil,2090,9.8,214.8
Koblenz,1583,4.1,388.0
Kölliken,4265,8.8,479.8
Köniz,39794,51.1,780.1
Konolfingen,4929,12.8,385.4
Koppigen,2080,6.9,300.1
Kradolf-Schönenberg,3401,10.9,310.3
Krattigen,1077,6.0,178.6
Krauchthal,2289,19.4,117.8
Kreuzlingen,20846,11.5,1814.3
Kriechenwil,427,4.8,89.9
Kriegstetten,1270,1.1,1114.0
Kriens,26957,27.3,986.0
Küblis,862,8.1,105.9
Künten,1673,4.9,342.1
Küsnacht(ZH),13658,12.3,1105.9
Küssnacht(SZ),12426,29.5,423.2
Küttigen,5935,11.9,499.2
Kyburg,407,7.6,53.3
L'Abbaye,1365,31.9,42.8
L'Abergement,242,5.8,41.9
L'Isle,1012,16.3,62.4
LaBaroche,1179,31.1,37.9
LaBrévine,655,42.0,15.7
LaBrillaz,1805,10.3,175.4
LaChaux(Cossonay),425,6.8,63.0
LaChaux-de-Fonds,38699,55.7,695.3
LaChaux-des-Breuleux,99,4.1,24.4
LaChaux-du-Milieu,483,17.3,28.0
LaCôte-aux-Fées,468,12.9,36.4
LaFerrière,553,14.2,39.1
LaFolliaz,935,9.9,94.8
LaHeutte,485,8.1,60.0
LaNeuveville,3611,6.8,529.5
LaPraz,151,5.1,29.5
LaPunt-Chamues-ch,770,63.2,12.2
LaRippe,1076,16.6,64.8
LaRoche,1517,24.0,63.0
LaSagne,940,25.6,36.8
LaSarraz,2449,7.7,317.6
LaSonnaz,1030,6.9,149.3
LaTène,4834,5.4,888.6
LaTour-de-Peilz,10993,3.3,3392.9
LaVerrerie,1154,13.4,86.2
Laax,1506,31.7,47.5
Lachen,8126,2.4,3357.9
Laconnex,602,3.8,157.2
Läufelfingen,1269,8.2,155.7
Lajoux(JU),683,12.4,55.2
Lalden,671,1.3,524.2
Lamone,1781,1.8,957.5
Lampenberg,507,4.0,127.1
Lancy,29350,4.8,6153.0
Landiswil,635,10.3,61.9
Landquart,8498,18.9,450.6
Langenbruck,974,15.7,62.1
Langendorf,3761,2.0,1948.7
Langenthal,15291,17.3,885.9
LangnauamAlbis,7330,8.7,845.4
LangnauimEmmental,9103,48.5,188.1
Langrickenbach,1226,10.9,113.0
Lantsch/Lenz,529,21.8,24.3
Lauenen,816,58.7,13.9
Lauerz,1060,9.2,114.8
Laufen,5365,11.3,471.9
Laufen-Uhwiesen,1622,6.3,258.7
Laufenburg,3307,14.5,228.1
Laupen,2852,4.1,692.2
Laupersdorf,1682,15.5,108.4
Lauperswil,2642,21.1,124.6
Lausanne,132788,41.3,3209.0
Lausen,4996,5.6,898.6
Lauterbrunnen,2439,164.4,14.8
Lauwil,331,7.3,45.5
Lavertezzo,1222,58.1,21.0
Lavey-Morcles,879,14.1,61.9
Lavigny,899,4.0,224.8
Lavin,226,46.2,4.9
Lavizzara,563,187.5,3.0
Lax,287,5.0,57.2
LeBémont(JU),319,11.6,27.3
LeCerneux-Péquignot,322,15.7,20.5
LeChâtelard,373,7.5,49.7
LeChenit,4442,99.2,44.8
LeFlon,1153,9.5,120.4
LeGlèbe,1238,10.3,119.4
LeGrand-Saconnex,11911,4.4,2719.4
LeLanderon,4513,10.3,437.7
LeLieu,850,32.5,26.1
LeLocle,10425,23.1,450.5
LeMont-sur-Lausanne,6697,9.8,682.0
LeMouret,3051,18.5,164.6
LeNoirmont,1786,20.4,87.6
LePâquier(FR),1110,4.5,247.2
LeVaud,1231,3.1,395.8
Léchelles,666,8.8,76.1
Leggia,127,9.2,13.8
Leibstadt,1284,6.4,200.9
Leimbach(AG),466,1.1,405.2
Leissigen,964,10.4,93.1
Lengnau(AG),2615,12.6,206.4
Lengnau(BE),4672,7.3,633.1
Lengwil,1493,8.8,167.9
Lenk,2454,123.0,19.9
Lens,3917,13.9,281.6
Lenzburg,8832,11.4,779.5
LesAgettes,318,5.1,62.5
LesBois,1151,24.7,46.5
LesBrenets,1079,11.6,93.6
LesBreuleux,1445,10.8,133.7
LesClées,166,7.1,23.6
LesEnfers,145,7.1,20.3
LesGenevez(JU),534,13.6,39.2
LesMontets,1358,10.3,131.7
LesPlanchettes,220,11.7,18.8
LesPonts-de-Martel,1276,18.3,70.0
LesVerrières,704,28.8,24.5
Leuggern,2134,13.7,155.1
Leuk,3724,55.3,67.3
Leukerbad,1535,67.2,22.8
Leutwil,741,3.8,197.6
Leuzigen,1208,10.3,117.2
Leysin,4096,18.5,220.6
Leytron,2972,26.9,110.7
Lichtensteig,1949,2.8,691.1
Liddes,744,60.2,12.4
Liedertswil,165,2.0,85.1
Liesberg,1180,12.5,94.5
Liestal,13807,18.2,759.0
Ligerz,539,1.8,299.4
Lignerolle,382,10.6,35.8
Lignières,949,12.5,75.9
Lindau,5308,11.9,442.7
Linden,1312,13.3,99.2
Linescio,51,6.6,7.7
Locarno,15671,19.4,813.2
Lodrino,1742,31.6,55.3
Löhningen,1368,6.9,199.4
Lohn(GR),40,8.1,4.9
Lohn(SH),740,4.9,151.6
Lohn-Ammannsegg,2639,4.5,593.0
Lohnstorf,220,1.8,122.2
Lommis,1177,8.6,136.9
Lommiswil,1472,5.8,254.7
Lonay,2493,3.7,672.0
Longirod,426,9.5,45.1
Losone,6499,9.5,682.0
Lostallo,735,50.9,14.5
Lostorf,3804,13.3,286.9
Lotzwil,2468,6.2,397.4
Lovatens,137,3.5,39.5
Loveresse,321,4.8,68.0
Lucens,3163,7.8,401.9
Lüscherz,531,5.4,97.3
Lüsslingen-Nennigkofen,991,7.8,126.9
Lüterkofen-Ichertswil,715,4.4,161.8
Lüterswil-Gächliwil,322,3.1,105.6
Lütisburg,1443,14.0,102.8
Lütschental,235,12.4,19.0
Lützelflüh,4079,26.9,151.6
Lufingen,1873,5.2,360.9
Lugano,62792,75.9,826.4
Lugnez,190,5.1,37.3
Luins,598,2.7,224.0
Lully(FR),1050,5.5,190.9
Lully(VD),759,2.0,370.2
Lumino,1370,10.0,137.7
Lumnezia,2118,165.4,12.8
Lungern,2087,46.6,44.9
Lupfig,2187,5.1,424.7
Lupsingen,1370,3.2,439.1
Lurtigen,180,2.3,77.6
Lussery-Villars,395,3.7,105.9
Lussy-sur-Morges,643,2.4,274.8
Luterbach,3405,4.5,753.3
Luthern,1330,37.9,35.2
Lutry,9511,8.5,1125.6
Lutzenberg,1253,2.3,554.4
Luzein,1237,31.6,39.1
Luzern,80501,29.1,2770.2
Lyss,14200,14.9,957.5
Lyssach,1398,6.1,230.7
Madiswil,3161,23.2,136.4
Madulain,227,16.4,13.9
Mägenwil,2060,3.5,592.0
Männedorf,10492,4.8,2199.6
Märstetten,2734,9.9,274.2
Magden,3824,11.0,347.3
Maggia,2554,111.1,23.0
Magliaso,1501,1.1,1377.1
Maienfeld,2687,32.4,83.1
Maisprach,938,5.0,185.0
Maladers,486,7.6,64.0
Malans,2340,11.4,205.3
Malleray,1972,10.2,192.2
Malters,6911,28.6,241.4
Mammern,614,5.4,113.3
Mandach,309,5.6,55.7
Manno,1270,2.4,533.6
Maracon,453,4.4,103.4
Marbach(SG),2103,4.4,479.0
Marchissy,445,11.9,37.1
Marly,7919,7.7,1028.4
Marmorera,31,19.0,1.6
Maroggia,601,1.0,601.0
Marsens,1742,7.8,223.0
Marthalen,1987,14.2,140.4
Martigny,17215,24.9,689.4
Martigny-Combe,2314,37.7,61.5
Maschwanden,664,4.7,141.6
Masein,443,4.2,105.5
Massagno,6119,0.7,8382.2
Massongex,1699,6.6,256.3
Massonnens,487,4.2,114.6
Mathod,548,6.6,83.2
Mathon,50,15.1,3.3
Matran,1568,2.9,548.3
MattenbeiInterlaken,3728,6.0,631.9
Mattstetten,580,3.8,152.6
Matzendorf,1298,11.3,115.4
Matzingen,2568,7.7,333.1
Mauborget,110,5.5,20.0
Mauensee,1156,7.2,161.5
Maur,9728,14.8,658.2
Mauraz,52,0.5,104.0
Medel(Lucmagn),408,136.2,3.0
Meggen,6762,7.3,928.8
Meienried,53,0.7,80.3
Meierskappel,1374,6.8,202.4
Meikirch,2430,10.3,237.5
Meilen,13082,11.9,1095.6
Meinier,2066,7.0,296.8
Meinisberg,1318,4.5,298.2
Meiringen,4676,40.7,115.2
Meisterschwanden,2712,4.3,635.1
Melano,1418,4.7,305.6
Melchnau,1525,10.4,148.1
Melide,1739,1.6,1041.3
Mellikon,249,2.7,91.9
Mellingen,4887,4.8,1003.5
Mels,8580,139.2,61.7
Meltingen,639,5.8,111.1
Mendrisio,14789,31.9,462.0
Ménières,353,4.4,80.6
Menziken,5697,6.4,891.5
Menzingen,4329,27.5,157.4
Menznau,2892,30.4,95.2
Merenschwand,3412,13.6,252.6
Mergoscia,222,12.2,18.3
Merishausen,828,17.5,47.2
Mervelier,529,9.8,54.1
Merzligen,390,2.3,171.1
Mesocco,1297,164.8,7.9
Messen,1411,11.9,118.7
Mettauertal,1911,21.6,88.5
Mettembert,112,2.4,48.3
Mettmenstetten,4423,13.1,340.0
Metzerlen-Mariastein,919,8.5,108.2
Mex(VD),651,2.9,230.0
Meyriez,584,0.3,1717.6
Meyrin,21866,9.9,2199.8
Mézières(FR),1011,9.0,113.2
Mézières(VD),1170,3.5,336.2
Mezzovico-Vira,1308,10.2,128.1
Miège,1370,2.5,541.5
Mies,1929,3.5,559.1
Miglieglia,289,5.1,56.3
Milvignes,8975,8.8,1022.2
Minusio,7251,5.9,1239.5
Mirchel,601,2.4,255.7
Misery-Courtion,1677,11.4,147.0
Missy,319,3.1,102.6
Möhlin,10574,18.9,562.7
Mönchaltorf,3472,7.6,456.8
Mönthal,389,3.9,99.0
Mörel-Filet,703,8.4,83.3
Mörigen,867,2.2,401.4
Möriken-Wildegg,4268,6.6,646.7
Mörschwil,3586,9.9,364.8
Mötschwil,131,2.9,44.4
Moiry,260,6.7,39.0
Moleno,115,7.4,15.4
Mollens(VD),291,11.1,26.5
Mollens(VS),933,32.5,28.7
Molondin,213,5.5,38.8
Mon,90,8.5,10.6
Monible,36,3.4,10.6
Mont-la-Ville,349,19.8,17.7
Mont-Noble,960,43.0,22.3
Mont-sur-Rolle,2581,3.9,670.4
Mont-Tramelan,113,4.7,24.4
Montagny(FR),2204,17.5,125.8
Montagny-près-Yverdon,705,3.5,200.3
Montalchez,252,6.4,39.3
Montana,2398,4.9,490.4
Montanaire,2399,33.5,71.7
Montcherand,471,3.0,153.9
MonteCarasso,2802,9.7,290.7
Monteceneri,4530,37.0,122.3
Monteggio,892,3.4,265.5
Montet(Glâne),399,2.2,182.2
Montfaucon,571,18.3,31.3
Montherod,504,5.0,101.4
Monthey,17113,28.6,597.7
Montilliez,1595,11.8,134.4
Montpreveyres,539,4.1,131.5
Montreux,25969,33.4,778.2
Montricher,893,26.0,34.4
Moosleerau,913,3.9,239.6
Moosseedorf,3763,6.3,592.6
MorbioInferiore,4631,2.3,2022.3
Morcote,707,2.8,252.5
Morens(FR),142,2.6,54.6
Morges,15251,3.9,3961.3
Morlon,571,2.5,230.2
Morrens(VD),991,3.7,270.8
Morschach,1105,20.8,53.1
Mosnang,2829,50.6,56.1
Mosogno,51,8.6,5.9
Moudon,5667,15.7,361.2
Moutier,7608,19.6,388.6
Movelier,376,8.0,46.5
Mühlau,1008,5.5,182.6
Mühleberg,2745,26.3,104.6
Mühledorf(BE),253,2.3,111.0
Mühlethurnen,1390,2.9,474.4
Müllheim,2812,8.8,322.1
Mülligen,1018,3.2,322.2
Mümliswil-Ramiswil,2486,35.5,70.0
Münchenbuchsee,9852,8.9,1117.0
Münchenstein,11688,7.2,1627.9
Münchenwiler,475,2.5,190.0
Münchwilen(AG),892,2.5,362.6
Münchwilen(TG),5086,7.8,652.9
Münsingen,11651,12.2,962.1
Münster-Geschinen,481,48.6,9.9
Münsterlingen,3156,5.4,582.3
Müntschemier,1302,4.9,266.8
Muhen,3749,7.0,534.0
Mulegns,28,33.8,0.8
Mumpf,1335,3.1,430.6
Mundaun,307,8.6,35.7
Muntelier,941,1.1,832.7
Muolen,1167,10.3,112.9
Muotathal,3482,172.2,20.2
Muralto,2811,0.6,4685.0
Murgenthal,2862,18.6,153.5
Muri(AG),7328,12.3,593.8
MuribeiBern,12901,7.7,1690.8
Muriaux,473,16.9,28.0
Murist,612,8.2,74.6
Murten,6490,13.6,477.2
Mutrux,139,3.2,43.3
Mutten,75,9.9,7.5
Muttenz,17370,16.6,1043.9
Muzzano,844,1.6,537.6
Naters,9496,147.2,64.6
Nebikon,2472,3.7,662.7
Neckertal,4036,49.0,82.3
Neerach,3032,6.0,502.8
Neftenbach,5434,15.1,361.8
Neggio,335,0.9,368.1
Nendaz,6121,85.9,71.2
Nenzlingen,421,3.7,115.0
Nesslau,3628,92.7,39.1
Neuchâtel,33756,18.1,1865.0
Neuendorf,2026,7.1,283.0
Neuenegg,4881,22.0,223.2
Neuenhof,8414,5.4,1563.9
Neuenkirch,6391,25.5,250.8
NeuhausenamRheinfall,10362,8.1,1295.3
Neuheim,2024,7.9,255.6
Neunforn,960,11.4,84.5
Neunkirch,2023,17.9,112.9
Neyruz(FR),2387,5.5,430.9
Nidau,6766,1.5,4451.3
Niederbipp,4371,17.5,251.6
Niederbuchsiten,981,5.5,179.0
Niederbüren,1499,15.8,94.6
Niederdorf,1730,4.4,392.3
Niedergesteln,689,17.5,39.5
Niederglatt,4657,3.6,1290.0
Niedergösgen,3766,4.3,869.7
Niederhasli,8871,11.3,785.7
Niederhelfenschwil,2918,16.3,178.7
Niederhünigen,611,5.4,112.9
Niederlenz,4385,3.3,1328.8
Niedermuhlern,471,7.2,65.0
Niederönz,1548,2.8,552.9
Niederösch,234,4.6,50.5
NiederriedbeiInterlaken,340,4.3,79.3
Niederrohrdorf,3645,3.4,1094.6
Niederwald,45,4.7,9.6
Niederweningen,2787,6.9,406.9
Niederwil(AG),2535,6.1,412.2
Nods,738,26.6,27.7
Noflen,290,2.7,106.6
Noréaz,611,6.9,88.6
Nottwil,3432,10.3,333.5
Novaggio,814,4.4,188.9
Novalles,105,2.1,51.0
Novazzano,2402,5.2,463.7
Noville,912,10.3,88.1
Nürensdorf,5328,10.1,531.2
Nufenen,156,28.1,5.6
Nuglar-St.Pantaleon,1480,6.3,233.4
Nunningen,1837,10.3,177.7
Nusshof,248,1.7,144.2
Nuvilly,394,4.0,98.5
Nyon,19502,6.9,2872.2
Oberägeri,5828,30.1,194.1
Oberbalm,879,12.4,70.8
Oberbipp,1642,8.5,193.9
Oberbuchsiten,2054,9.4,218.5
Oberbüren,4190,17.8,236.7
Oberburg,2937,14.2,208.0
Oberdiessbach,3441,16.5,209.1
Oberdorf(BL),2341,6.2,378.2
Oberdorf(NW),3110,16.2,191.4
Oberdorf(SO),1655,12.0,138.5
Oberegg,1891,14.7,128.9
Oberembrach,1094,10.2,106.7
Oberems,126,50.2,2.5
Oberengstringen,6464,2.1,2992.6
Oberentfelden,7721,7.2,1078.4
Obergerlafingen,1130,1.5,743.4
Oberglatt,6474,8.2,784.7
Obergösgen,2151,3.6,590.9
Obergoms,662,155.8,4.2
Oberhallau,433,6.0,71.8
Oberhelfenschwil,1319,12.7,104.2
Oberhof,588,8.2,71.6
OberhofenamThunersee,2389,2.8,878.3
Oberhünigen,317,6.0,52.7
Oberiberg,858,32.8,26.0
Oberkirch,3892,9.1,427.7
Oberkulm,2551,9.4,271.1
Oberlangenegg,473,9.1,51.9
Oberlunkhofen,1954,3.3,601.2
Obermumpf,1004,5.0,199.6
Oberösch,109,2.1,50.7
OberriedamBrienzersee,463,20.0,23.0
Oberrieden,4975,2.8,1783.2
Oberriet(SG),8533,34.5,247.1
Oberrohrdorf,3981,4.3,928.0
Oberrüti,1413,5.3,263.1
Obersaxen,820,61.5,13.3
Oberschrot,1159,5.3,216.6
Obersiggenthal,8586,8.4,1027.0
Oberstammheim,1151,9.4,122.2
Obersteckholz,424,3.9,108.7
Oberthal,751,10.6,71.3
Oberuzwil,6193,14.1,439.5
Oberweningen,1756,4.9,354.7
Oberwil(BL),10775,7.9,1367.4
OberwilbeiBüren,821,6.7,122.2
OberwilimSimmental,813,46.0,17.6
Oberwil-Lieli,2193,5.4,409.9
Obfelden,4867,7.6,644.6
Ochlenberg,587,12.1,48.4
Oekingen,795,2.5,331.3
Oensingen,5847,12.0,484.4
Oeschenbach,237,3.9,60.8
Oeschgen,914,4.4,208.7
OetwilamSee,4590,6.1,752.5
OetwilanderLimmat,2300,2.8,833.3
Oftringen,13122,12.9,1021.2
Ogens,262,3.4,76.8
Ollon,7208,59.5,121.1
Olsberg,360,4.6,77.9
Olten,17280,11.5,1503.9
Oltingen,472,7.2,65.7
Onex,18029,2.8,6393.3
Onnens(VD),507,5.1,99.2
Onsernone,255,29.9,8.5
Opfikon,16403,5.6,2934.3
Oppens,177,3.6,49.3
Oppligen,665,3.4,195.0
Orbe,6664,12.0,554.4
Orges,262,4.0,65.2
Origlio,1435,2.1,693.2
Ormalingen,1994,6.9,287.3
Ormont-Dessous,1039,64.0,16.2
Ormont-Dessus,1472,61.7,23.9
Orny,366,5.5,65.8
Oron,5077,24.6,206.5
Orpund,2655,4.0,670.5
Orselina,762,2.0,392.8
Orsières,3156,165.0,19.1
Orvin,1201,21.6,55.6
Orzens,198,4.2,47.1
Osogna,1044,19.0,55.0
Ossingen,1357,13.1,103.6
Ostermundigen,16185,6.0,2724.7
Otelfingen,2749,7.2,383.4
Othmarsingen,2597,4.7,549.0
Ottenbach,2483,5.0,495.6
Oulens-sous-Echallens,544,5.9,92.8
Pailly,508,5.8,88.0
Pampigny,1108,11.1,99.9
Paradiso,3893,0.9,4374.2
Paspels,475,4.6,103.5
Paudex,1424,0.5,2966.7
Payerne,9275,24.2,383.4
Penthalaz,3031,3.9,783.2
Penthaz,1676,3.9,437.6
Penthéréaz,378,5.7,66.5
Perly-Certoux,3059,2.6,1209.1
Perrefitte,456,8.6,53.2
Perroy,1407,2.9,485.2
Personico,334,39.1,8.6
Péry,1359,15.7,86.5
Peseux,5771,3.5,1682.5
Pfäfers,1533,128.4,11.9
Pfäffikon,11105,19.5,568.0
Pfaffnau,2260,17.6,128.3
Pfeffingen,2270,4.9,463.3
Pfungen,3535,5.0,709.8
Pfyn,1941,13.1,147.3
Pianezzo,589,8.0,73.4
Pierrafortscha,148,5.1,29.2
Pieterlen,3917,8.3,470.8
Plaffeien,1944,59.4,32.8
Plan-les-Ouates,10261,5.8,1751.0
Plasselb,1043,18.1,57.6
PlateaudeDiesse,2031,25.6,79.5
Pleigne,368,17.8,20.6
Pohlern,261,9.9,26.4
Poliez-Pittet,760,5.0,151.7
Pollegio,762,5.9,129.4
Pompaples,811,4.4,182.2
Pomy,710,5.6,126.3
Pont-en-Ogoz,1711,10.0,170.8
Pont-la-Ville,605,4.3,140.0
PonteCapriasca,1804,6.2,291.0
PonteTresa,806,0.4,1965.9
Pontenet,217,2.7,79.5
Ponthaux,694,6.0,117.2
Pontresina,2115,118.2,17.9
Porrentruy,6780,14.8,459.7
Port,3382,2.4,1380.4
Port-Valais,3645,14.3,254.0
Porza,1595,1.6,1009.5
Poschiavo,3521,191.0,18.4
Prangins,3968,6.0,658.0
Prato(Leventina),408,16.9,24.2
Pratteln,15323,10.7,1433.4
Pratval,254,0.8,329.9
Pregny-Chambésy,3563,3.3,1099.7
Premier,191,6.0,31.2
Preonzo,618,16.5,37.6
Presinge,639,4.7,135.4
Préverenges,5176,1.8,2782.8
Prévondavaux,64,1.8,35.6
Prévonloup,150,1.8,81.5
Prez-vers-Noréaz,968,5.7,170.4
Prilly,11829,2.2,5401.4
Provence,344,31.9,10.8
Puidoux,2816,22.9,123.0
Pully,17460,5.9,2984.6
Puplinge,2049,2.6,770.3
Pura,1419,3.1,466.8
Quarten,2854,61.7,46.2
Quinto,1046,75.2,13.9
Radelfingen,1224,14.7,83.0
Rafz,4175,10.7,390.6
Rain,2515,9.4,267.6
Ramlinsburg,687,2.3,306.7
Ramsen,1375,13.5,101.9
Rances,426,9.8,43.3
Randa,445,54.4,8.2
Randogne,4384,16.8,259.7
Raperswilen,396,7.7,51.6
Rapperswil(BE),2381,20.4,116.8
Rapperswil-Jona,26542,22.2,1192.9
Raron,1900,30.3,62.7
Realp,148,78.0,1.9
Rebeuvelier,377,8.4,44.8
Rebévelier,45,3.6,12.7
Rebstein,4425,4.3,1008.0
Recherswil,1759,3.3,522.0
Rechthalten,1083,7.3,148.6
Reckingen-Gluringen,454,41.3,11.0
Reconvilier,2284,8.2,276.8
Regensberg,485,2.4,204.6
Regensdorf,17179,14.6,1175.0
Rehetobel,1731,6.7,257.6
ReichenbachimKandertal,3507,125.8,27.9
Reichenburg,3402,11.6,293.5
Reiden,6763,27.0,250.5
Reigoldswil,1566,9.2,169.3
Reinach(AG),8103,9.5,855.6
Reinach(BL),18839,7.0,2691.3
Reisiswil,193,2.0,96.0
Reitnau,1264,5.8,217.6
Rekingen(AG),986,3.1,318.1
Remaufens,993,5.9,168.0
Remetschwil,2049,3.9,526.7
Remigen,1047,7.9,133.0
Renan(BE),854,12.6,67.6
Renens(VD),20333,3.0,6869.3
Rennaz,773,2.2,353.0
Reute(AR),662,4.9,132.7
Reutigen,966,11.3,85.6
Reverolle,345,1.1,292.4
Rhäzüns,1363,13.3,101.9
Rheinau,1326,8.9,148.7
Rheineck,3250,2.2,1470.6
Rheinfelden,12548,16.0,782.8
Riaz,2251,7.8,290.1
Richterswil,13022,7.6,1727.1
Rickenbach(BL),588,2.9,203.5
Rickenbach(LU),3076,11.8,259.4
Rickenbach(SO),888,2.8,321.7
Rickenbach(TG),2714,1.6,1739.7
Rickenbach(ZH),2523,6.1,417.7
Riddes,2894,23.9,121.2
RiedbeiKerzers,1079,7.6,142.2
Ried-Brig,1993,47.5,42.0
Riederalp,508,21.0,24.1
Riedholz,2256,7.2,314.6
Riehen,20799,10.9,1915.2
Riemenstalden,96,11.2,8.6
Rietheim,750,3.9,190.8
Rifferswil,959,6.6,147.3
Riggisberg,2438,29.9,81.7
Ringgenberg(BE),2642,8.7,301.9
Riniken,1478,4.8,311.2
Riom-Parsonz,294,56.0,5.3
Risch,9963,14.8,670.5
RivaSanVitale,2581,5.9,432.3
Rivaz,348,0.3,1122.6
Roche(VD),1440,6.4,223.6
Rochefort,1104,20.9,52.8
Roches(BE),211,9.1,23.3
Rocourt,161,4.5,36.0
Rodels,267,1.7,158.9
Rodersdorf,1291,5.3,241.8
Römerswil,1658,16.7,99.9
Röschenz,1836,10.1,182.3
RöthenbachimEmmental,1240,36.8,33.7
Roggenburg,287,6.7,43.2
Roggliswil,635,6.2,102.3
Roggwil(BE),3862,7.8,495.8
Roggwil(TG),2887,11.9,239.8
Rohr(SO),90,2.3,40.4
Rohrbach,1402,4.1,342.8
Rohrbachgraben,409,6.5,63.1
Rolle,5921,2.7,2160.9
Romainmôtier-Envy,504,7.0,72.3
Romanel-sur-Lausanne,3298,2.9,1145.1
Romanel-sur-Morges,462,1.7,264.0
Romanshorn,10535,8.7,1204.0
Romont(BE),195,7.0,27.7
Romont(FR),4973,10.9,456.7
Romoos,674,37.3,18.1
RoncosopraAscona,652,5.0,129.9
Rongellen,57,2.0,28.2
Root,4669,8.6,539.1
Ropraz,385,4.8,79.7
Rorbas,2586,4.5,585.1
Rorschach,8988,1.8,5078.0
Rorschacherberg,6965,7.1,976.9
Rossa,125,58.9,2.1
Rossemaison,600,1.9,317.5
Rossenges,60,1.1,56.1
Rossens(FR),1254,5.1,245.9
Rossinière,539,23.4,23.1
Rothenbrunnen,309,3.1,99.4
Rothenburg,7238,15.5,464.9
Rothenfluh,776,10.9,71.0
Rothenthurm,2270,22.8,99.6
Rothrist,8271,11.8,698.6
Rottenschwil,801,4.5,178.4
Rougemont,913,48.6,18.8
Roveredo(GR),2531,38.8,65.2
Rovio,798,5.5,144.3
Rovray,153,3.2,47.8
Rubigen,2906,7.0,419.3
Rudolfstetten-Friedlisberg,4449,4.9,906.1
Rue,1404,11.2,125.2
Rüderswil,2331,17.2,135.8
Rüdlingen,754,5.5,137.3
Rüdtligen-Alchenflüh,2403,2.7,880.2
Rüeggisberg,1831,35.7,51.2
Rüegsau,3127,15.1,207.4
Rüfenach,871,4.2,208.9
Rümikon,271,2.9,93.4
Rümlang,7231,12.5,581.3
Rümligen,442,4.7,95.1
Rümlingen,389,2.3,170.6
Rünenberg,764,5.0,153.4
Rüschegg,1615,57.4,28.2
Rüschlikon,5537,2.9,1889.8
Rüte,3435,40.9,84.1
Rüthi(SG),2154,9.3,230.6
Rüti(ZH),11993,10.1,1192.1
RütibeiBüren,818,6.5,125.7
RütibeiLyssach,172,1.3,133.3
Rütschelen,566,4.0,142.2
Rüttenen,1460,8.8,166.5
Rueyres,254,2.0,125.7
Rueyres-les-Prés,376,3.2,118.6
Rumendingen,89,2.5,36.6
Rumisberg,471,5.2,91.5
Rupperswil,4965,6.2,799.5
Russikon,4160,14.3,292.8
Russin,489,5.0,99.6
Russy,229,3.7,61.9
Ruswil,6763,45.3,149.5
S-chanf,727,138.0,5.3
Saanen,6858,119.7,57.3
Saas,748,26.8,28.0
Saas-Almagell,393,110.3,3.6
Saas-Balen,399,30.2,13.2
Saas-Fee,1659,40.6,40.9
Saas-Grund,1058,24.6,43.1
Sachseln,5007,53.8,92.9
Safenwil,3588,6.0,599.0
Safiental,912,151.4,6.0
Safnern,1886,5.6,335.6
Sagogn,673,7.0,97.3
Saicourt,609,13.8,44.2
Saignelégier,2559,31.8,80.9
Saillon,2363,13.7,172.0
Saint-Aubin(FR),1557,7.9,197.6
Saint-Aubin-Sauges,2409,7.7,312.5
Saint-Barthélemy(VD),773,4.1,187.6
Saint-Blaise,3270,8.9,368.7
Saint-Brais,232,15.1,15.3
Saint-Cergue,2259,24.3,93.0
Saint-George,960,12.3,77.9
Saint-Gingolph,951,14.4,66.1
Saint-Imier,4949,20.9,236.9
Saint-Légier-LaChiésaz,5065,15.2,333.9
Saint-Léonard,2213,3.9,567.4
Saint-Livres,695,8.1,85.6
Saint-Martin(FR),1013,9.8,103.5
Saint-Martin(VS),879,37.0,23.7
Saint-Maurice,4516,15.0,302.3
Saint-Oyens,315,3.0,103.3
Saint-Prex,5449,5.5,987.1
Saint-Saphorin(Lavaux),365,0.9,410.1
Saint-Sulpice(VD),3366,1.8,1809.7
Sainte-Croix,4759,39.3,120.7
Salenstein,1294,6.5,197.9
Sâles,1458,18.8,77.6
Salgesch,1399,11.4,123.4
Salmsach,1368,2.6,506.7
Salouf,216,31.4,6.9
Salvan,1267,53.5,23.7
Salvenach,513,3.8,134.6
Samedan,3007,114.0,26.4
Samnaun,789,56.2,14.0
SanVittore,754,22.0,34.2
Sant'Antonino,2310,6.6,350.5
Sant'Antonio,229,33.6,6.8
SantaMariainCalanca,113,9.3,12.1
Sargans,5964,9.5,631.1
Sarmenstorf,2677,8.3,322.1
Sarnen,10084,73.1,137.9
Sarzens,83,1.5,57.6
Satigny,3962,18.9,209.4
Sattel,1854,17.3,106.8
Saubraz,372,3.7,100.5
Sauge,816,13.5,60.7
Saulcy,255,7.9,32.4
Saules(BE),156,4.3,36.4
Savièse,7149,71.0,100.8
Savigny,3374,16.1,210.6
Savognin,1009,22.2,45.4
Savosa,2159,0.7,2917.6
Saxeten,98,19.2,5.1
Saxon,4993,23.2,214.9
Schänis,3692,39.9,92.4
Schaffhausen,35613,41.9,850.8
Schafisheim,2868,6.4,453.1
Schangnau,886,36.5,24.3
Scharans,826,14.3,57.8
Schattdorf,5005,16.3,306.9
Schattenhalb,590,31.5,18.7
Schelten,40,5.5,7.2
Schenkon,2744,6.8,409.6
Scherz,649,3.3,196.7
Scheuren,458,2.1,218.1
Schiers,2596,61.8,42.1
Schinznach,2233,12.2,182.6
Schinznach-Bad,1195,1.9,628.9
Schlatt(TG),1635,15.5,105.3
Schlatt(ZH),738,9.1,82.3
Schlatt-Haslen,1107,17.9,61.8
Schleinikon,707,5.7,124.5
Schleitheim,1721,21.5,79.7
Schlierbach,778,7.2,108.5
Schlieren,17652,6.5,2674.5
Schlossrued,800,7.3,110.8
Schlosswil,627,3.5,181.7
Schluein,590,4.8,123.2
Schmerikon,3471,4.0,838.4
Schmiedrued,1181,8.6,136.7
Schmitten(FR),4006,13.6,296.7
Schmitten(GR),252,11.3,22.2
Schneisingen,1316,8.3,159.5
Schnottwil,1037,7.2,144.4
Schöfflisdorf,1362,4.0,339.7
Schöftland,4038,6.2,643.0
Schönenberg(ZH),1885,11.0,172.0
Schönenbuch,1414,1.3,1039.7
Schönengrund,509,5.2,97.7
Schönenwerd,4859,3.7,1302.7
Schönholzerswilen,837,10.9,76.5
Schötz,3942,15.4,257.0
Schongau,977,12.5,78.5
Schübelbach,8761,29.0,302.0
Schüpfen,3670,19.8,185.1
Schüpfheim,4093,38.5,106.6
Schupfart,758,7.0,107.7
Schwaderloch,687,2.8,247.1
Schwadernau,673,4.1,162.6
SchwandenbeiBrienz,582,7.1,82.9
Schwarzenberg,1682,39.2,42.9
Schwarzenburg,6794,44.8,151.7
Schwarzhäusern,501,3.8,132.2
Schwellbrunn,1492,17.4,85.7
Schwende,2171,57.5,37.7
Schwendibach,243,1.5,162.0
Schwerzenbach,4957,2.7,1870.6
Schwyz,14785,53.2,277.7
Scuol,2350,144.1,16.3
Seeberg,1423,15.8,90.3
Seedorf(BE),2968,20.9,142.1
Seedorf(UR),1834,15.5,118.6
Seegräben,1333,3.8,353.6
Seehof,69,8.4,8.2
Seelisberg,682,13.3,51.1
Seengen,3714,9.6,383.3
Seewen,1003,16.4,61.5
SeewisimPrättigau,1372,49.6,27.6
Seftigen,2221,3.9,571.0
Selma,33,2.9,11.3
Seltisberg,1292,3.5,361.9
Selzach,3183,19.5,163.4
Sembrancher,954,17.7,54.1
Sementina,3075,8.4,372.7
Sempach,4149,9.0,465.7
Semsales,1347,29.4,45.9
Senarclens,433,3.9,109.1
Senèdes,153,0.5,306.0
Sennwald,5038,41.5,121.4
Sent,899,111.7,8.1
Seon,4807,9.7,499.7
Sergey,146,1.5,100.0
Serravalle,2089,96.9,21.6
Servion,1867,6.3,294.9
Sessa,684,2.8,238.3
Seuzach,7201,7.6,951.3
Sévaz,255,2.5,102.0
Sevelen,4679,30.3,154.2
Sévery,212,2.4,89.1
Siblingen,810,9.3,86.1
Sierre,16332,19.2,851.5
Siglistorf,621,5.5,112.7
Signau,2737,22.1,124.0
Signy-Avenex,464,1.9,240.4
Sigriswil,4676,55.4,84.4
Silenen,2195,144.8,15.2
SilsimDomleschg,895,9.3,96.0
SilsimEngadin/Segl,756,63.5,11.9
Silvaplana,1067,44.7,23.8
Simplon,327,90.9,3.6
Sins,4183,20.2,206.1
Sion,32797,29.7,1102.0
Sirnach,7471,12.4,602.0
Siselen,599,5.5,108.5
Sisikon,394,16.3,24.1
Sissach,6406,8.9,722.2
Sisseln,1471,2.6,583.7
Siviriez,2195,20.3,108.2
Soazza,361,46.4,7.8
Sobrio,78,6.4,12.2
Solothurn,16599,6.3,2643.2
Sommeri,507,4.2,120.4
Sonceboz-Sombeval,1849,15.0,123.2
Sonogno,94,37.6,2.5
Sonvilier,1246,23.8,52.4
Soral,744,2.9,252.2
Sorengo,1868,0.9,2197.6
Sorens,1031,8.7,118.2
Sornetan,139,5.7,24.6
Sorvilier,255,6.8,37.0
Soubey,144,13.5,10.7
Souboz,131,10.6,12.3
Soyhières,474,7.5,63.2
Speicher,4166,8.2,509.9
Spiez,12577,16.8,753.6
Spiringen,841,64.7,13.0
Splügen,392,60.5,6.5
Spreitenbach,10970,8.6,1275.6
St.Antönien,356,52.2,6.8
St.Antoni,1908,16.9,113.6
St.Gallen,74581,39.3,1893.4
St.Margrethen,5728,6.9,835.0
St.Martin,35,22.9,1.5
St.Moritz,5149,28.7,179.5
St.Niklaus,2300,89.3,25.8
St.Silvester,955,7.1,135.1
St.Stephan,1339,60.9,22.0
St.Ursen,1281,15.7,81.3
Stabio,4460,6.2,725.2
Stadel,2029,12.9,157.3
Stäfa,13931,8.6,1623.7
Staffelbach,1054,9.0,117.9
Stalden(VS),1111,10.5,106.5
Staldenried,553,14.3,38.6
Stallikon,3339,12.0,277.3
Stans,8175,11.1,737.2
Stansstad,4402,9.1,483.2
Starrkirch-Wil,1660,1.8,902.2
Staufen,2604,3.5,729.4
Steckborn,3626,8.8,413.9
Steffisburg,15585,13.5,1166.5
Steg-Hohtenn,1558,14.2,110.0
Stein(AG),3037,2.8,1080.8
Stein(AR),1375,9.4,146.7
SteinamRhein,3334,5.8,578.8
Steinach,3486,4.5,778.1
Steinen,3302,11.9,278.9
Steinerberg,915,6.9,132.6
Steinhausen,9258,5.0,1833.3
Steinmaur,3354,9.5,356.8
Sternenberg,351,8.7,40.3
Stetten(AG),1958,4.4,444.0
Stetten(SH),1292,4.7,275.5
Stettfurt,1149,6.3,180.7
Stettlen,2931,3.6,832.7
Stierva,134,10.5,12.7
Stocken-Höfen,981,14.2,69.0
Strengelbach,4670,6.0,777.0
Studen(BE),2958,2.7,1087.5
Stüsslingen,1034,6.2,167.3
Subingen,3027,6.2,484.3
Suchy,483,6.7,72.5
Sufers,127,34.6,3.7
Suhr,9753,10.6,919.2
Sulgen,3625,9.1,397.0
Sullens,893,3.9,227.8
Sumiswald,5031,59.4,84.8
Sumvitg,1249,101.8,12.3
Sur,78,23.2,3.4
Surava,196,7.0,28.1
Surpierre,325,4.8,67.4
Sursee,9160,5.9,1563.1
Suscévaz,195,4.1,47.0
Susch,211,94.0,2.2
Sutz-Lattrigen,1384,3.6,384.4
Syens,135,2.5,53.6
Tägerig,1410,3.3,428.6
Tägertschi,409,3.6,112.4
Tägerwilen,4282,11.5,371.7
Täsch,1212,58.7,20.6
Täuffelen,2676,4.4,608.2
Tafers,3147,8.4,374.6
Tamins,1202,40.7,29.5
Tannay,1539,1.8,845.6
Tarasp,341,46.9,7.3
Tartegnin,225,1.1,206.4
Tavannes,3563,14.8,241.4
Tecknau,853,2.4,363.0
Tegerfelden,1119,7.1,157.4
Tenero-Contra,2751,3.7,745.5
Tenniken,887,4.7,190.3
Tentlingen,1227,3.7,339.9
Termen,865,18.8,46.2
TerrediPedemonte,2609,11.4,229.5
Teufen(AR),6038,15.3,396.2
Teufenthal(AG),1596,3.6,447.1
Teuffenthal(BE),163,4.6,36.0
Tévenon,744,14.2,52.1
Thal,6433,9.6,669.4
Thalheim(AG),764,9.8,77.1
ThalheimanderThur,916,6.4,142.0
Thalwil,17554,5.5,3191.6
Thayngen,5151,20.0,258.5
Therwil,9867,7.7,1293.2
Thierachern,2460,7.5,327.1
Thörigen,1046,4.5,231.4
Thônex,13756,3.8,3582.3
Thürnen,1345,2.3,597.8
Thun,42929,21.6,1989.3
Thundorf,1345,15.6,86.2
Thunstetten,3066,9.7,317.7
Thusis,2946,6.8,432.6
Tiefencastel,254,14.9,17.1
Tinizong-Rona,326,54.3,6.0
Titterten,417,3.7,112.4
Tobel-Tägerschen,1478,7.1,207.9
Törbel,476,17.6,27.1
Toffen,2546,4.9,519.6
Tolochenaz,1784,1.6,1122.0
Tomils,717,30.5,23.5
Torny,871,10.2,85.6
Torricella-Taverne,3067,5.2,585.3
Trachselwald,979,16.0,61.3
Tramelan,4419,24.9,178.0
Trasadingen,595,4.1,144.1
Treiten,422,4.7,88.7
Trélex,1419,5.9,245.5
Trey,258,3.8,67.7
Treycovagnes,460,2.1,221.2
Treytorrens(Payerne),127,3.1,41.4
Treyvaux,1447,11.4,126.5
Triengen,4450,22.1,201.6
Trient,161,39.5,4.1
Trimbach,6454,7.7,847.0
Trimmis,3040,42.9,70.9
Trin,1265,47.2,26.8
Trogen,1696,10.0,169.3
Troinex,2295,3.4,671.1
Troistorrents,4347,37.0,117.6
Trub,1344,62.0,21.7
Trubschachen,1423,15.6,91.0
Trüllikon,996,9.6,104.4
Trun,1238,51.9,23.9
Truttikon,450,4.4,102.0
Tschappina,138,24.7,5.6
Tschiertschen-Praden,310,27.8,11.2
Tschugg,447,3.3,135.9
Tübach,1316,2.0,664.6
Tuggen,3065,13.6,226.7
Tujetsch,1405,133.9,10.5
Turbenthal,4350,25.2,172.6
Turgi,2956,1.5,1907.1
Turtmann-Unterems,1125,42.3,26.6
Twann-Tüscherz,1113,12.4,89.5
Udligenswil,2174,6.3,349.0
Ueberstorf,2387,16.1,148.1
Uebeschi,664,4.4,150.9
Ueken,845,5.1,165.7
Uerkheim,1303,7.1,183.5
Uesslingen-Buch,1076,14.0,76.8
Uetendorf,5967,10.2,587.9
UetikonamSee,5895,3.5,1703.8
Uezwil,417,2.5,170.9
Ufhusen,862,12.3,70.4
Uitikon,3928,4.4,898.9
Ulmiz,398,2.9,140.6
Unterägeri,8376,25.6,327.3
Unterbäch,411,22.0,18.7
Untereggen,1031,7.1,144.6
Unterengstringen,3456,3.4,1031.6
Unterentfelden,4066,2.9,1411.8
Unteriberg,2304,46.7,49.5
Unterkulm,2909,8.9,327.2
Unterlangenegg,920,6.8,135.1
Unterlunkhofen,1244,4.5,277.1
Unterramsern,212,1.5,135.9
Unterschächen,705,80.3,8.8
Unterseen,5646,14.1,402.4
Untersiggenthal,7091,8.3,857.4
Unterstammheim,886,7.3,122.2
Untervaz,2426,27.7,87.5
Urdorf,9526,7.6,1256.7
Urmein,128,4.4,29.6
Urnäsch,2245,48.3,46.5
Ursenbach,907,9.1,99.2
Ursins,205,3.4,61.2
Ursy,2717,15.0,181.6
Urtenen-Schönbühl,6084,7.2,847.4
Uster,33097,28.5,1160.1
Uttigen,1895,3.8,500.0
Uttwil,1815,4.4,418.2
Utzenstorf,4123,17.0,243.5
Uznach,6144,7.6,813.8
Uzwil,12698,14.5,875.7
Vacallo,3276,1.6,2034.8
ValMüstair,1565,198.6,7.9
ValTerbi,2620,38.9,67.4
Val-d'Illiez,1793,39.3,45.7
Val-de-Charmey,2354,112.2,21.0
Val-de-Ruz,16164,124.4,130.1
Val-de-Travers,10900,124.7,87.3
Valangin,485,3.7,129.0
Valbroye,2843,33.5,84.7
Valeyres-sous-Montagny,656,2.3,287.7
Valeyres-sous-Rances,577,6.4,90.6
Valeyres-sous-Ursins,238,2.8,82.6
Vallon,382,3.5,108.8
Vallorbe,3610,23.2,155.7
Vals,971,152.6,6.4
Valsot,910,159.2,5.7
Vandoeuvres,2572,4.4,583.2
Varen,625,12.8,48.8
Vaulion,464,13.2,35.2
Vaulruz,1035,10.1,101.9
Vaumarcus,265,1.8,148.9
Vaux-sur-Morges,180,2.1,85.7
Vaz/Obervaz,2654,42.5,62.4
Vechigen,4991,24.8,201.0
Vellerat,72,2.0,35.3
Veltheim(AG),1413,5.2,269.7
Vendlincourt,557,9.2,60.7
Venthône,1219,2.5,481.8
Verdabbio,161,13.1,12.3
Vergeletto,59,40.7,1.4
Vernate,586,1.5,388.1
Vernay,1067,8.4,128.7
Vernayaz,1875,5.7,334.8
Vernier,34235,7.7,4457.7
Vérossaz,679,14.3,47.5
Versoix,13021,10.6,1238.9
Vétroz,5407,10.4,517.4
Vevey,18906,2.4,7943.7
Vex,1719,13.0,132.3
Veyras,1760,1.5,1213.8
Veyrier,10799,6.5,1661.4
Veysonnaz,595,1.1,540.9
Veytaux,839,6.7,124.1
Vezia,1966,1.4,1414.4
Vich,759,1.6,486.5
VicoMorcote,377,1.9,197.4
Villarepos,607,4.7,127.5
Villars-Epeney,83,0.9,96.5
Villars-le-Comte,157,4.2,37.5
Villars-le-Terroir,893,7.1,126.0
Villars-Sainte-Croix,671,1.7,406.7
Villars-sous-Yens,560,3.0,184.2
Villars-sur-Glâne,12057,5.5,2196.2
Villarsel-sur-Marly,87,1.4,61.7
Villarzel,404,7.7,52.7
Villaz-Saint-Pierre,1189,5.5,212.7
Villeneuve(FR),375,3.6,106.2
Villeneuve(VD),5157,32.1,161.0
Villeret,923,16.3,56.8
Villigen,2033,11.2,181.2
Villmergen,6752,12.0,565.5
Villnachern,1533,5.7,267.1
Villorsonnens,1297,15.5,83.8
Vilters-Wangs,4538,32.7,138.7
Vinelz,841,4.6,184.0
Vinzel,350,1.1,321.1
Vionnaz,2355,21.0,112.5
Visp,7377,13.2,560.1
Visperterminen,1383,51.6,26.8
Vitznau,1249,8.9,140.2
Vogorno,270,23.9,11.3
Volken,306,3.3,95.6
Volketswil,18099,14.0,1290.0
Vollèges,1782,17.9,99.7
Vordemwald,1820,10.2,179.7
Vorderthal,1015,28.0,36.3
Vouvry,3891,33.5,116.1
Vuadens,2204,10.5,211.1
Vuarrens,895,9.0,99.9
Vucherens,508,3.3,155.4
Vufflens-la-Ville,1222,5.4,227.1
Vufflens-le-Château,825,2.2,385.5
Vugelles-LaMothe,131,3.1,42.7
Vuissens,253,5.6,45.1
Vuisternens-devant-Romont,2134,24.1,88.7
Vuisternens-en-Ogoz,975,6.2,157.5
Vuiteboeuf,538,5.1,106.3
Vulliens,431,6.7,65.0
Vullierens,446,6.9,65.2
Vully-les-Lacs,2655,21.1,125.5
Wachseldorn,237,3.5,67.3
Wädenswil,21012,17.4,1208.3
Wäldi,993,12.2,81.2
Wängi,4449,16.5,270.8
Wagenhausen,1676,11.8,141.6
Wahlen,1399,5.4,258.1
Walchwil,3626,13.5,267.6
Wald(AR),832,6.8,122.0
Wald(BE),1194,13.3,89.9
Wald(ZH),9346,25.2,370.0
Waldenburg,1183,8.3,142.5
Waldkirch,3483,31.3,111.3
Waldstatt,1790,6.7,265.6
Walenstadt,5481,45.7,120.0
Walkringen,1816,17.2,105.6
Wallbach,1876,4.5,416.0
Wallenried,459,3.9,118.9
Wallisellen,14858,6.5,2310.7
WalliswilbeiNiederbipp,217,1.4,146.6
WalliswilbeiWangen,580,3.1,189.5
Walperswil,959,7.0,137.8
Waltalingen,692,7.3,95.1
Waltensburg/Vuorz,338,32.3,10.5
Waltenschwil,2619,4.6,574.3
Walterswil(BE),543,7.9,68.6
Walterswil(SO),727,4.5,162.3
Walzenhausen,2052,7.0,294.4
Wangen(SZ),4742,8.5,559.2
WangenanderAare,2156,5.2,412.2
WangenbeiOlten,4906,6.9,704.9
Wangen-Brüttisellen,7589,7.9,958.2
Wangenried,409,2.9,140.5
Wartau,5220,41.8,125.1
Warth-Weiningen,1223,8.2,149.1
Wassen,429,97.0,4.4
Wasterkingen,575,3.9,145.2
Wattenwil,2765,14.5,190.2
Wattwil,8425,51.2,164.6
Wauwil,1874,2.9,637.4
Weesen,1583,5.4,293.7
Wegenstetten,1048,7.1,147.0
Weggis,4242,11.8,358.9
Weiach,1077,9.6,112.7
Weinfelden,10877,15.5,701.7
Weiningen(ZH),4362,5.4,813.8
Weisslingen,3211,12.8,250.7
Welschenrohr,1089,13.0,83.8
Wengi,605,7.1,85.6
Wenslingen,712,5.9,120.5
Werthenstein,2007,15.7,127.3
Wettingen,20211,10.6,1904.9
WettswilamAlbis,4646,3.8,1235.6
Wetzikon(ZH),23726,16.7,1416.5
Wichtrach,4072,11.6,351.3
Widen,3536,2.6,1354.8
Widnau,9116,4.2,2155.1
Wiedlisbach,2181,7.6,290.8
Wiesendangen,6042,19.1,315.3
Wiggiswil,96,1.4,67.1
Wigoltingen,2280,17.2,132.9
Wikon,1440,8.3,173.9
Wil(SG),23292,20.8,1119.8
Wil(ZH),1318,9.0,147.3
Wila,1919,9.2,208.8
Wilchingen,1713,21.2,81.1
Wildberg,985,10.6,93.3
Wilderswil,2549,13.5,188.3
Wildhaus-AltSt.Johann,2668,87.4,30.5
Wilen(TG),2259,2.3,995.2
Wiler(Lötschen),582,14.7,39.7
WilerbeiUtzenstorf,822,3.8,215.2
Wileroltigen,381,4.1,91.6
Wiliberg,169,1.2,144.4
Willadingen,211,2.2,97.7
Willisau,7554,41.2,183.8
Wimmis,2446,22.3,109.5
Windisch,6848,4.9,1394.7
Winkel,4196,8.1,516.7
Wintersingen,618,6.9,88.9
Winterthur,105676,68.1,1552.5
Winznau,1807,4.0,458.6
Wisen(SO),411,4.8,86.0
Wislikofen,337,3.7,89.9
Wittenbach,9588,12.3,785.3
Witterswil,1430,2.7,535.6
Wittinsburg,414,3.2,129.0
Wittnau,1211,11.3,107.6
Wölflinswil,981,9.5,103.2
Wohlen(AG),15192,12.4,1217.3
WohlenbeiBern,8948,36.2,246.6
Wohlenschwil,1473,4.4,335.5
Wolfenschiessen,2101,92.8,22.6
Wolfhalden,1727,7.0,248.5
Wolfisberg,181,2.4,74.2
Wolfwil,2040,6.9,296.5
Wolhusen,4237,14.3,296.3
Wollerau,7078,6.3,1123.5
Worb,11370,21.0,538.9
Worben,2259,2.8,806.8
Wünnewil-Flamatt,5380,13.2,406.7
Würenlingen,4302,9.4,458.6
Würenlos,5972,9.0,662.1
Wuppenau,1102,12.1,90.7
Wynau,1559,5.1,306.3
Wynigen,1997,28.2,70.6
Wyssachen,1154,11.8,98.6
Yens,1270,9.6,133.5
Yverdon-les-Bains,28894,13.6,2137.1
Yvonand,2911,13.4,217.4
Yvorne,1034,12.2,84.8
Zäziwil,1622,5.4,299.3
Zeglingen,468,7.9,59.2
Zeihen,1101,6.9,160.0
Zeiningen,2229,11.4,196.0
Zell(LU),2031,13.9,146.1
Zell(ZH),5638,13.0,434.7
Zeneggen,272,7.5,36.3
Zermatt,5751,242.7,23.7
Zernez,1153,203.9,5.7
Zetzwil,1307,5.8,225.3
Ziefen,1577,7.8,202.2
Zielebach,335,1.9,174.5
Zihlschlacht-Sitterdorf,2178,12.2,178.5
Zillis-Reischen,425,24.5,17.4
Zizers,3213,11.0,291.8
Zofingen,11087,11.1,999.7
Zollikofen,10041,5.4,1862.9
Zollikon,12324,7.9,1567.9
Zuchwil,8743,4.7,1888.3
Zürich,384786,87.9,4378.5
Zufikon,4338,4.8,901.9
Zug,27961,21.7,1293.9
Zullwil,626,3.6,172.0
Zumholz,417,1.9,220.6
Zumikon,5167,5.5,944.6
Zunzgen,2493,6.9,362.4
Zuoz,1214,65.6,18.5
Zuzgen,846,8.3,100.8
Zuzwil(BE),577,3.5,166.8
Zuzwil(SG),4741,9.0,529.1
Zweisimmen,2987,73.2,40.9
Zwieselberg,289,2.4,118.0
Zwingen,2194,4.6,474.9
Zwischbergen,86,86.1,1.0
Suisse,8139631,41285.0,203.5
